ID,Name,Description,Tree_Is_Rooted,Tree_Type,Tree_Branch_Length_Unit,Media_ID,Source
summary,summary,bayesian,,summary,,summary,
STATE_1,STATE_1,bayesian,,sample,,posterior,
STATE_2,STATE_2,bayesian,,sample,,posterior,
STATE_3,STATE_3,bayesian,,sample,,posterior,
STATE_4,STATE_4,bayesian,,sample,,posterior,
STATE_5,STATE_5,bayesian,,sample,,posterior,
STATE_6,STATE_6,bayesian,,sample,,posterior,
STATE_7,STATE_7,bayesian,,sample,,posterior,
STATE_8,STATE_8,bayesian,,sample,,posterior,
STATE_9,STATE_9,bayesian,,sample,,posterior,
STATE_10,STATE_10,bayesian,,sample,,posterior,
STATE_11,STATE_11,bayesian,,sample,,posterior,
STATE_12,STATE_12,bayesian,,sample,,posterior,
STATE_13,STATE_13,bayesian,,sample,,posterior,
STATE_14,STATE_14,bayesian,,sample,,posterior,
STATE_15,STATE_15,bayesian,,sample,,posterior,
STATE_16,STATE_16,bayesian,,sample,,posterior,
STATE_17,STATE_17,bayesian,,sample,,posterior,
STATE_18,STATE_18,bayesian,,sample,,posterior,
STATE_19,STATE_19,bayesian,,sample,,posterior,
STATE_20,STATE_20,bayesian,,sample,,posterior,
STATE_21,STATE_21,bayesian,,sample,,posterior,
STATE_22,STATE_22,bayesian,,sample,,posterior,
STATE_23,STATE_23,bayesian,,sample,,posterior,
STATE_24,STATE_24,bayesian,,sample,,posterior,
STATE_25,STATE_25,bayesian,,sample,,posterior,
STATE_26,STATE_26,bayesian,,sample,,posterior,
STATE_27,STATE_27,bayesian,,sample,,posterior,
STATE_28,STATE_28,bayesian,,sample,,posterior,
STATE_29,STATE_29,bayesian,,sample,,posterior,
STATE_30,STATE_30,bayesian,,sample,,posterior,
STATE_31,STATE_31,bayesian,,sample,,posterior,
STATE_32,STATE_32,bayesian,,sample,,posterior,
STATE_33,STATE_33,bayesian,,sample,,posterior,
STATE_34,STATE_34,bayesian,,sample,,posterior,
STATE_35,STATE_35,bayesian,,sample,,posterior,
STATE_36,STATE_36,bayesian,,sample,,posterior,
STATE_37,STATE_37,bayesian,,sample,,posterior,
STATE_38,STATE_38,bayesian,,sample,,posterior,
STATE_39,STATE_39,bayesian,,sample,,posterior,
STATE_40,STATE_40,bayesian,,sample,,posterior,
STATE_41,STATE_41,bayesian,,sample,,posterior,
STATE_42,STATE_42,bayesian,,sample,,posterior,
STATE_43,STATE_43,bayesian,,sample,,posterior,
STATE_44,STATE_44,bayesian,,sample,,posterior,
STATE_45,STATE_45,bayesian,,sample,,posterior,
STATE_46,STATE_46,bayesian,,sample,,posterior,
STATE_47,STATE_47,bayesian,,sample,,posterior,
STATE_48,STATE_48,bayesian,,sample,,posterior,
STATE_49,STATE_49,bayesian,,sample,,posterior,
STATE_50,STATE_50,bayesian,,sample,,posterior,
STATE_51,STATE_51,bayesian,,sample,,posterior,
STATE_52,STATE_52,bayesian,,sample,,posterior,
STATE_53,STATE_53,bayesian,,sample,,posterior,
STATE_54,STATE_54,bayesian,,sample,,posterior,
STATE_55,STATE_55,bayesian,,sample,,posterior,
STATE_56,STATE_56,bayesian,,sample,,posterior,
STATE_57,STATE_57,bayesian,,sample,,posterior,
STATE_58,STATE_58,bayesian,,sample,,posterior,
STATE_59,STATE_59,bayesian,,sample,,posterior,
STATE_60,STATE_60,bayesian,,sample,,posterior,
STATE_61,STATE_61,bayesian,,sample,,posterior,
STATE_62,STATE_62,bayesian,,sample,,posterior,
STATE_63,STATE_63,bayesian,,sample,,posterior,
STATE_64,STATE_64,bayesian,,sample,,posterior,
STATE_65,STATE_65,bayesian,,sample,,posterior,
STATE_66,STATE_66,bayesian,,sample,,posterior,
STATE_67,STATE_67,bayesian,,sample,,posterior,
STATE_68,STATE_68,bayesian,,sample,,posterior,
STATE_69,STATE_69,bayesian,,sample,,posterior,
STATE_70,STATE_70,bayesian,,sample,,posterior,
STATE_71,STATE_71,bayesian,,sample,,posterior,
STATE_72,STATE_72,bayesian,,sample,,posterior,
STATE_73,STATE_73,bayesian,,sample,,posterior,
STATE_74,STATE_74,bayesian,,sample,,posterior,
STATE_75,STATE_75,bayesian,,sample,,posterior,
STATE_76,STATE_76,bayesian,,sample,,posterior,
STATE_77,STATE_77,bayesian,,sample,,posterior,
STATE_78,STATE_78,bayesian,,sample,,posterior,
STATE_79,STATE_79,bayesian,,sample,,posterior,
STATE_80,STATE_80,bayesian,,sample,,posterior,
STATE_81,STATE_81,bayesian,,sample,,posterior,
STATE_82,STATE_82,bayesian,,sample,,posterior,
STATE_83,STATE_83,bayesian,,sample,,posterior,
STATE_84,STATE_84,bayesian,,sample,,posterior,
STATE_85,STATE_85,bayesian,,sample,,posterior,
STATE_86,STATE_86,bayesian,,sample,,posterior,
STATE_87,STATE_87,bayesian,,sample,,posterior,
STATE_88,STATE_88,bayesian,,sample,,posterior,
STATE_89,STATE_89,bayesian,,sample,,posterior,
STATE_90,STATE_90,bayesian,,sample,,posterior,
STATE_91,STATE_91,bayesian,,sample,,posterior,
STATE_92,STATE_92,bayesian,,sample,,posterior,
STATE_93,STATE_93,bayesian,,sample,,posterior,
STATE_94,STATE_94,bayesian,,sample,,posterior,
STATE_95,STATE_95,bayesian,,sample,,posterior,
STATE_96,STATE_96,bayesian,,sample,,posterior,
STATE_97,STATE_97,bayesian,,sample,,posterior,
STATE_98,STATE_98,bayesian,,sample,,posterior,
STATE_99,STATE_99,bayesian,,sample,,posterior,
STATE_100,STATE_100,bayesian,,sample,,posterior,
STATE_101,STATE_101,bayesian,,sample,,posterior,
STATE_102,STATE_102,bayesian,,sample,,posterior,
STATE_103,STATE_103,bayesian,,sample,,posterior,
STATE_104,STATE_104,bayesian,,sample,,posterior,
STATE_105,STATE_105,bayesian,,sample,,posterior,
STATE_106,STATE_106,bayesian,,sample,,posterior,
STATE_107,STATE_107,bayesian,,sample,,posterior,
STATE_108,STATE_108,bayesian,,sample,,posterior,
STATE_109,STATE_109,bayesian,,sample,,posterior,
STATE_110,STATE_110,bayesian,,sample,,posterior,
STATE_111,STATE_111,bayesian,,sample,,posterior,
STATE_112,STATE_112,bayesian,,sample,,posterior,
STATE_113,STATE_113,bayesian,,sample,,posterior,
STATE_114,STATE_114,bayesian,,sample,,posterior,
STATE_115,STATE_115,bayesian,,sample,,posterior,
STATE_116,STATE_116,bayesian,,sample,,posterior,
STATE_117,STATE_117,bayesian,,sample,,posterior,
STATE_118,STATE_118,bayesian,,sample,,posterior,
STATE_119,STATE_119,bayesian,,sample,,posterior,
STATE_120,STATE_120,bayesian,,sample,,posterior,
STATE_121,STATE_121,bayesian,,sample,,posterior,
STATE_122,STATE_122,bayesian,,sample,,posterior,
STATE_123,STATE_123,bayesian,,sample,,posterior,
STATE_124,STATE_124,bayesian,,sample,,posterior,
STATE_125,STATE_125,bayesian,,sample,,posterior,
STATE_126,STATE_126,bayesian,,sample,,posterior,
STATE_127,STATE_127,bayesian,,sample,,posterior,
STATE_128,STATE_128,bayesian,,sample,,posterior,
STATE_129,STATE_129,bayesian,,sample,,posterior,
STATE_130,STATE_130,bayesian,,sample,,posterior,
STATE_131,STATE_131,bayesian,,sample,,posterior,
STATE_132,STATE_132,bayesian,,sample,,posterior,
STATE_133,STATE_133,bayesian,,sample,,posterior,
STATE_134,STATE_134,bayesian,,sample,,posterior,
STATE_135,STATE_135,bayesian,,sample,,posterior,
STATE_136,STATE_136,bayesian,,sample,,posterior,
STATE_137,STATE_137,bayesian,,sample,,posterior,
STATE_138,STATE_138,bayesian,,sample,,posterior,
STATE_139,STATE_139,bayesian,,sample,,posterior,
STATE_140,STATE_140,bayesian,,sample,,posterior,
STATE_141,STATE_141,bayesian,,sample,,posterior,
STATE_142,STATE_142,bayesian,,sample,,posterior,
STATE_143,STATE_143,bayesian,,sample,,posterior,
STATE_144,STATE_144,bayesian,,sample,,posterior,
STATE_145,STATE_145,bayesian,,sample,,posterior,
STATE_146,STATE_146,bayesian,,sample,,posterior,
STATE_147,STATE_147,bayesian,,sample,,posterior,
STATE_148,STATE_148,bayesian,,sample,,posterior,
STATE_149,STATE_149,bayesian,,sample,,posterior,
STATE_150,STATE_150,bayesian,,sample,,posterior,
STATE_151,STATE_151,bayesian,,sample,,posterior,
STATE_152,STATE_152,bayesian,,sample,,posterior,
STATE_153,STATE_153,bayesian,,sample,,posterior,
STATE_154,STATE_154,bayesian,,sample,,posterior,
STATE_155,STATE_155,bayesian,,sample,,posterior,
STATE_156,STATE_156,bayesian,,sample,,posterior,
STATE_157,STATE_157,bayesian,,sample,,posterior,
STATE_158,STATE_158,bayesian,,sample,,posterior,
STATE_159,STATE_159,bayesian,,sample,,posterior,
STATE_160,STATE_160,bayesian,,sample,,posterior,
STATE_161,STATE_161,bayesian,,sample,,posterior,
STATE_162,STATE_162,bayesian,,sample,,posterior,
STATE_163,STATE_163,bayesian,,sample,,posterior,
STATE_164,STATE_164,bayesian,,sample,,posterior,
STATE_165,STATE_165,bayesian,,sample,,posterior,
STATE_166,STATE_166,bayesian,,sample,,posterior,
STATE_167,STATE_167,bayesian,,sample,,posterior,
STATE_168,STATE_168,bayesian,,sample,,posterior,
STATE_169,STATE_169,bayesian,,sample,,posterior,
STATE_170,STATE_170,bayesian,,sample,,posterior,
STATE_171,STATE_171,bayesian,,sample,,posterior,
STATE_172,STATE_172,bayesian,,sample,,posterior,
STATE_173,STATE_173,bayesian,,sample,,posterior,
STATE_174,STATE_174,bayesian,,sample,,posterior,
STATE_175,STATE_175,bayesian,,sample,,posterior,
STATE_176,STATE_176,bayesian,,sample,,posterior,
STATE_177,STATE_177,bayesian,,sample,,posterior,
STATE_178,STATE_178,bayesian,,sample,,posterior,
STATE_179,STATE_179,bayesian,,sample,,posterior,
STATE_180,STATE_180,bayesian,,sample,,posterior,
STATE_181,STATE_181,bayesian,,sample,,posterior,
STATE_182,STATE_182,bayesian,,sample,,posterior,
STATE_183,STATE_183,bayesian,,sample,,posterior,
STATE_184,STATE_184,bayesian,,sample,,posterior,
STATE_185,STATE_185,bayesian,,sample,,posterior,
STATE_186,STATE_186,bayesian,,sample,,posterior,
STATE_187,STATE_187,bayesian,,sample,,posterior,
STATE_188,STATE_188,bayesian,,sample,,posterior,
STATE_189,STATE_189,bayesian,,sample,,posterior,
STATE_190,STATE_190,bayesian,,sample,,posterior,
STATE_191,STATE_191,bayesian,,sample,,posterior,
STATE_192,STATE_192,bayesian,,sample,,posterior,
STATE_193,STATE_193,bayesian,,sample,,posterior,
STATE_194,STATE_194,bayesian,,sample,,posterior,
STATE_195,STATE_195,bayesian,,sample,,posterior,
STATE_196,STATE_196,bayesian,,sample,,posterior,
STATE_197,STATE_197,bayesian,,sample,,posterior,
STATE_198,STATE_198,bayesian,,sample,,posterior,
STATE_199,STATE_199,bayesian,,sample,,posterior,
STATE_200,STATE_200,bayesian,,sample,,posterior,
STATE_201,STATE_201,bayesian,,sample,,posterior,
STATE_202,STATE_202,bayesian,,sample,,posterior,
STATE_203,STATE_203,bayesian,,sample,,posterior,
STATE_204,STATE_204,bayesian,,sample,,posterior,
STATE_205,STATE_205,bayesian,,sample,,posterior,
STATE_206,STATE_206,bayesian,,sample,,posterior,
STATE_207,STATE_207,bayesian,,sample,,posterior,
STATE_208,STATE_208,bayesian,,sample,,posterior,
STATE_209,STATE_209,bayesian,,sample,,posterior,
STATE_210,STATE_210,bayesian,,sample,,posterior,
STATE_211,STATE_211,bayesian,,sample,,posterior,
STATE_212,STATE_212,bayesian,,sample,,posterior,
STATE_213,STATE_213,bayesian,,sample,,posterior,
STATE_214,STATE_214,bayesian,,sample,,posterior,
STATE_215,STATE_215,bayesian,,sample,,posterior,
STATE_216,STATE_216,bayesian,,sample,,posterior,
STATE_217,STATE_217,bayesian,,sample,,posterior,
STATE_218,STATE_218,bayesian,,sample,,posterior,
STATE_219,STATE_219,bayesian,,sample,,posterior,
STATE_220,STATE_220,bayesian,,sample,,posterior,
STATE_221,STATE_221,bayesian,,sample,,posterior,
STATE_222,STATE_222,bayesian,,sample,,posterior,
STATE_223,STATE_223,bayesian,,sample,,posterior,
STATE_224,STATE_224,bayesian,,sample,,posterior,
STATE_225,STATE_225,bayesian,,sample,,posterior,
STATE_226,STATE_226,bayesian,,sample,,posterior,
STATE_227,STATE_227,bayesian,,sample,,posterior,
STATE_228,STATE_228,bayesian,,sample,,posterior,
STATE_229,STATE_229,bayesian,,sample,,posterior,
STATE_230,STATE_230,bayesian,,sample,,posterior,
STATE_231,STATE_231,bayesian,,sample,,posterior,
STATE_232,STATE_232,bayesian,,sample,,posterior,
STATE_233,STATE_233,bayesian,,sample,,posterior,
STATE_234,STATE_234,bayesian,,sample,,posterior,
STATE_235,STATE_235,bayesian,,sample,,posterior,
STATE_236,STATE_236,bayesian,,sample,,posterior,
STATE_237,STATE_237,bayesian,,sample,,posterior,
STATE_238,STATE_238,bayesian,,sample,,posterior,
STATE_239,STATE_239,bayesian,,sample,,posterior,
STATE_240,STATE_240,bayesian,,sample,,posterior,
STATE_241,STATE_241,bayesian,,sample,,posterior,
STATE_242,STATE_242,bayesian,,sample,,posterior,
STATE_243,STATE_243,bayesian,,sample,,posterior,
STATE_244,STATE_244,bayesian,,sample,,posterior,
STATE_245,STATE_245,bayesian,,sample,,posterior,
STATE_246,STATE_246,bayesian,,sample,,posterior,
STATE_247,STATE_247,bayesian,,sample,,posterior,
STATE_248,STATE_248,bayesian,,sample,,posterior,
STATE_249,STATE_249,bayesian,,sample,,posterior,
STATE_250,STATE_250,bayesian,,sample,,posterior,
STATE_251,STATE_251,bayesian,,sample,,posterior,
STATE_252,STATE_252,bayesian,,sample,,posterior,
STATE_253,STATE_253,bayesian,,sample,,posterior,
STATE_254,STATE_254,bayesian,,sample,,posterior,
STATE_255,STATE_255,bayesian,,sample,,posterior,
STATE_256,STATE_256,bayesian,,sample,,posterior,
STATE_257,STATE_257,bayesian,,sample,,posterior,
STATE_258,STATE_258,bayesian,,sample,,posterior,
STATE_259,STATE_259,bayesian,,sample,,posterior,
STATE_260,STATE_260,bayesian,,sample,,posterior,
STATE_261,STATE_261,bayesian,,sample,,posterior,
STATE_262,STATE_262,bayesian,,sample,,posterior,
STATE_263,STATE_263,bayesian,,sample,,posterior,
STATE_264,STATE_264,bayesian,,sample,,posterior,
STATE_265,STATE_265,bayesian,,sample,,posterior,
STATE_266,STATE_266,bayesian,,sample,,posterior,
STATE_267,STATE_267,bayesian,,sample,,posterior,
STATE_268,STATE_268,bayesian,,sample,,posterior,
STATE_269,STATE_269,bayesian,,sample,,posterior,
STATE_270,STATE_270,bayesian,,sample,,posterior,
STATE_271,STATE_271,bayesian,,sample,,posterior,
STATE_272,STATE_272,bayesian,,sample,,posterior,
STATE_273,STATE_273,bayesian,,sample,,posterior,
STATE_274,STATE_274,bayesian,,sample,,posterior,
STATE_275,STATE_275,bayesian,,sample,,posterior,
STATE_276,STATE_276,bayesian,,sample,,posterior,
STATE_277,STATE_277,bayesian,,sample,,posterior,
STATE_278,STATE_278,bayesian,,sample,,posterior,
STATE_279,STATE_279,bayesian,,sample,,posterior,
STATE_280,STATE_280,bayesian,,sample,,posterior,
STATE_281,STATE_281,bayesian,,sample,,posterior,
STATE_282,STATE_282,bayesian,,sample,,posterior,
STATE_283,STATE_283,bayesian,,sample,,posterior,
STATE_284,STATE_284,bayesian,,sample,,posterior,
STATE_285,STATE_285,bayesian,,sample,,posterior,
STATE_286,STATE_286,bayesian,,sample,,posterior,
STATE_287,STATE_287,bayesian,,sample,,posterior,
STATE_288,STATE_288,bayesian,,sample,,posterior,
STATE_289,STATE_289,bayesian,,sample,,posterior,
STATE_290,STATE_290,bayesian,,sample,,posterior,
STATE_291,STATE_291,bayesian,,sample,,posterior,
STATE_292,STATE_292,bayesian,,sample,,posterior,
STATE_293,STATE_293,bayesian,,sample,,posterior,
STATE_294,STATE_294,bayesian,,sample,,posterior,
STATE_295,STATE_295,bayesian,,sample,,posterior,
STATE_296,STATE_296,bayesian,,sample,,posterior,
STATE_297,STATE_297,bayesian,,sample,,posterior,
STATE_298,STATE_298,bayesian,,sample,,posterior,
STATE_299,STATE_299,bayesian,,sample,,posterior,
STATE_300,STATE_300,bayesian,,sample,,posterior,
STATE_301,STATE_301,bayesian,,sample,,posterior,
STATE_302,STATE_302,bayesian,,sample,,posterior,
STATE_303,STATE_303,bayesian,,sample,,posterior,
STATE_304,STATE_304,bayesian,,sample,,posterior,
STATE_305,STATE_305,bayesian,,sample,,posterior,
STATE_306,STATE_306,bayesian,,sample,,posterior,
STATE_307,STATE_307,bayesian,,sample,,posterior,
STATE_308,STATE_308,bayesian,,sample,,posterior,
STATE_309,STATE_309,bayesian,,sample,,posterior,
STATE_310,STATE_310,bayesian,,sample,,posterior,
STATE_311,STATE_311,bayesian,,sample,,posterior,
STATE_312,STATE_312,bayesian,,sample,,posterior,
STATE_313,STATE_313,bayesian,,sample,,posterior,
STATE_314,STATE_314,bayesian,,sample,,posterior,
STATE_315,STATE_315,bayesian,,sample,,posterior,
STATE_316,STATE_316,bayesian,,sample,,posterior,
STATE_317,STATE_317,bayesian,,sample,,posterior,
STATE_318,STATE_318,bayesian,,sample,,posterior,
STATE_319,STATE_319,bayesian,,sample,,posterior,
STATE_320,STATE_320,bayesian,,sample,,posterior,
STATE_321,STATE_321,bayesian,,sample,,posterior,
STATE_322,STATE_322,bayesian,,sample,,posterior,
STATE_323,STATE_323,bayesian,,sample,,posterior,
STATE_324,STATE_324,bayesian,,sample,,posterior,
STATE_325,STATE_325,bayesian,,sample,,posterior,
STATE_326,STATE_326,bayesian,,sample,,posterior,
STATE_327,STATE_327,bayesian,,sample,,posterior,
STATE_328,STATE_328,bayesian,,sample,,posterior,
STATE_329,STATE_329,bayesian,,sample,,posterior,
STATE_330,STATE_330,bayesian,,sample,,posterior,
STATE_331,STATE_331,bayesian,,sample,,posterior,
STATE_332,STATE_332,bayesian,,sample,,posterior,
STATE_333,STATE_333,bayesian,,sample,,posterior,
STATE_334,STATE_334,bayesian,,sample,,posterior,
STATE_335,STATE_335,bayesian,,sample,,posterior,
STATE_336,STATE_336,bayesian,,sample,,posterior,
STATE_337,STATE_337,bayesian,,sample,,posterior,
STATE_338,STATE_338,bayesian,,sample,,posterior,
STATE_339,STATE_339,bayesian,,sample,,posterior,
STATE_340,STATE_340,bayesian,,sample,,posterior,
STATE_341,STATE_341,bayesian,,sample,,posterior,
STATE_342,STATE_342,bayesian,,sample,,posterior,
STATE_343,STATE_343,bayesian,,sample,,posterior,
STATE_344,STATE_344,bayesian,,sample,,posterior,
STATE_345,STATE_345,bayesian,,sample,,posterior,
STATE_346,STATE_346,bayesian,,sample,,posterior,
STATE_347,STATE_347,bayesian,,sample,,posterior,
STATE_348,STATE_348,bayesian,,sample,,posterior,
STATE_349,STATE_349,bayesian,,sample,,posterior,
STATE_350,STATE_350,bayesian,,sample,,posterior,
STATE_351,STATE_351,bayesian,,sample,,posterior,
STATE_352,STATE_352,bayesian,,sample,,posterior,
STATE_353,STATE_353,bayesian,,sample,,posterior,
STATE_354,STATE_354,bayesian,,sample,,posterior,
STATE_355,STATE_355,bayesian,,sample,,posterior,
STATE_356,STATE_356,bayesian,,sample,,posterior,
STATE_357,STATE_357,bayesian,,sample,,posterior,
STATE_358,STATE_358,bayesian,,sample,,posterior,
STATE_359,STATE_359,bayesian,,sample,,posterior,
STATE_360,STATE_360,bayesian,,sample,,posterior,
STATE_361,STATE_361,bayesian,,sample,,posterior,
STATE_362,STATE_362,bayesian,,sample,,posterior,
STATE_363,STATE_363,bayesian,,sample,,posterior,
STATE_364,STATE_364,bayesian,,sample,,posterior,
STATE_365,STATE_365,bayesian,,sample,,posterior,
STATE_366,STATE_366,bayesian,,sample,,posterior,
STATE_367,STATE_367,bayesian,,sample,,posterior,
STATE_368,STATE_368,bayesian,,sample,,posterior,
STATE_369,STATE_369,bayesian,,sample,,posterior,
STATE_370,STATE_370,bayesian,,sample,,posterior,
STATE_371,STATE_371,bayesian,,sample,,posterior,
STATE_372,STATE_372,bayesian,,sample,,posterior,
STATE_373,STATE_373,bayesian,,sample,,posterior,
STATE_374,STATE_374,bayesian,,sample,,posterior,
STATE_375,STATE_375,bayesian,,sample,,posterior,
STATE_376,STATE_376,bayesian,,sample,,posterior,
STATE_377,STATE_377,bayesian,,sample,,posterior,
STATE_378,STATE_378,bayesian,,sample,,posterior,
STATE_379,STATE_379,bayesian,,sample,,posterior,
STATE_380,STATE_380,bayesian,,sample,,posterior,
STATE_381,STATE_381,bayesian,,sample,,posterior,
STATE_382,STATE_382,bayesian,,sample,,posterior,
STATE_383,STATE_383,bayesian,,sample,,posterior,
STATE_384,STATE_384,bayesian,,sample,,posterior,
STATE_385,STATE_385,bayesian,,sample,,posterior,
STATE_386,STATE_386,bayesian,,sample,,posterior,
STATE_387,STATE_387,bayesian,,sample,,posterior,
STATE_388,STATE_388,bayesian,,sample,,posterior,
STATE_389,STATE_389,bayesian,,sample,,posterior,
STATE_390,STATE_390,bayesian,,sample,,posterior,
STATE_391,STATE_391,bayesian,,sample,,posterior,
STATE_392,STATE_392,bayesian,,sample,,posterior,
STATE_393,STATE_393,bayesian,,sample,,posterior,
STATE_394,STATE_394,bayesian,,sample,,posterior,
STATE_395,STATE_395,bayesian,,sample,,posterior,
STATE_396,STATE_396,bayesian,,sample,,posterior,
STATE_397,STATE_397,bayesian,,sample,,posterior,
STATE_398,STATE_398,bayesian,,sample,,posterior,
STATE_399,STATE_399,bayesian,,sample,,posterior,
STATE_400,STATE_400,bayesian,,sample,,posterior,
STATE_401,STATE_401,bayesian,,sample,,posterior,
STATE_402,STATE_402,bayesian,,sample,,posterior,
STATE_403,STATE_403,bayesian,,sample,,posterior,
STATE_404,STATE_404,bayesian,,sample,,posterior,
STATE_405,STATE_405,bayesian,,sample,,posterior,
STATE_406,STATE_406,bayesian,,sample,,posterior,
STATE_407,STATE_407,bayesian,,sample,,posterior,
STATE_408,STATE_408,bayesian,,sample,,posterior,
STATE_409,STATE_409,bayesian,,sample,,posterior,
STATE_410,STATE_410,bayesian,,sample,,posterior,
STATE_411,STATE_411,bayesian,,sample,,posterior,
STATE_412,STATE_412,bayesian,,sample,,posterior,
STATE_413,STATE_413,bayesian,,sample,,posterior,
STATE_414,STATE_414,bayesian,,sample,,posterior,
STATE_415,STATE_415,bayesian,,sample,,posterior,
STATE_416,STATE_416,bayesian,,sample,,posterior,
STATE_417,STATE_417,bayesian,,sample,,posterior,
STATE_418,STATE_418,bayesian,,sample,,posterior,
STATE_419,STATE_419,bayesian,,sample,,posterior,
STATE_420,STATE_420,bayesian,,sample,,posterior,
STATE_421,STATE_421,bayesian,,sample,,posterior,
STATE_422,STATE_422,bayesian,,sample,,posterior,
STATE_423,STATE_423,bayesian,,sample,,posterior,
STATE_424,STATE_424,bayesian,,sample,,posterior,
STATE_425,STATE_425,bayesian,,sample,,posterior,
STATE_426,STATE_426,bayesian,,sample,,posterior,
STATE_427,STATE_427,bayesian,,sample,,posterior,
STATE_428,STATE_428,bayesian,,sample,,posterior,
STATE_429,STATE_429,bayesian,,sample,,posterior,
STATE_430,STATE_430,bayesian,,sample,,posterior,
STATE_431,STATE_431,bayesian,,sample,,posterior,
STATE_432,STATE_432,bayesian,,sample,,posterior,
STATE_433,STATE_433,bayesian,,sample,,posterior,
STATE_434,STATE_434,bayesian,,sample,,posterior,
STATE_435,STATE_435,bayesian,,sample,,posterior,
STATE_436,STATE_436,bayesian,,sample,,posterior,
STATE_437,STATE_437,bayesian,,sample,,posterior,
STATE_438,STATE_438,bayesian,,sample,,posterior,
STATE_439,STATE_439,bayesian,,sample,,posterior,
STATE_440,STATE_440,bayesian,,sample,,posterior,
STATE_441,STATE_441,bayesian,,sample,,posterior,
STATE_442,STATE_442,bayesian,,sample,,posterior,
STATE_443,STATE_443,bayesian,,sample,,posterior,
STATE_444,STATE_444,bayesian,,sample,,posterior,
STATE_445,STATE_445,bayesian,,sample,,posterior,
STATE_446,STATE_446,bayesian,,sample,,posterior,
STATE_447,STATE_447,bayesian,,sample,,posterior,
STATE_448,STATE_448,bayesian,,sample,,posterior,
STATE_449,STATE_449,bayesian,,sample,,posterior,
STATE_450,STATE_450,bayesian,,sample,,posterior,
STATE_451,STATE_451,bayesian,,sample,,posterior,
STATE_452,STATE_452,bayesian,,sample,,posterior,
STATE_453,STATE_453,bayesian,,sample,,posterior,
STATE_454,STATE_454,bayesian,,sample,,posterior,
STATE_455,STATE_455,bayesian,,sample,,posterior,
STATE_456,STATE_456,bayesian,,sample,,posterior,
STATE_457,STATE_457,bayesian,,sample,,posterior,
STATE_458,STATE_458,bayesian,,sample,,posterior,
STATE_459,STATE_459,bayesian,,sample,,posterior,
STATE_460,STATE_460,bayesian,,sample,,posterior,
STATE_461,STATE_461,bayesian,,sample,,posterior,
STATE_462,STATE_462,bayesian,,sample,,posterior,
STATE_463,STATE_463,bayesian,,sample,,posterior,
STATE_464,STATE_464,bayesian,,sample,,posterior,
STATE_465,STATE_465,bayesian,,sample,,posterior,
STATE_466,STATE_466,bayesian,,sample,,posterior,
STATE_467,STATE_467,bayesian,,sample,,posterior,
STATE_468,STATE_468,bayesian,,sample,,posterior,
STATE_469,STATE_469,bayesian,,sample,,posterior,
STATE_470,STATE_470,bayesian,,sample,,posterior,
STATE_471,STATE_471,bayesian,,sample,,posterior,
STATE_472,STATE_472,bayesian,,sample,,posterior,
STATE_473,STATE_473,bayesian,,sample,,posterior,
STATE_474,STATE_474,bayesian,,sample,,posterior,
STATE_475,STATE_475,bayesian,,sample,,posterior,
STATE_476,STATE_476,bayesian,,sample,,posterior,
STATE_477,STATE_477,bayesian,,sample,,posterior,
STATE_478,STATE_478,bayesian,,sample,,posterior,
STATE_479,STATE_479,bayesian,,sample,,posterior,
STATE_480,STATE_480,bayesian,,sample,,posterior,
STATE_481,STATE_481,bayesian,,sample,,posterior,
STATE_482,STATE_482,bayesian,,sample,,posterior,
STATE_483,STATE_483,bayesian,,sample,,posterior,
STATE_484,STATE_484,bayesian,,sample,,posterior,
STATE_485,STATE_485,bayesian,,sample,,posterior,
STATE_486,STATE_486,bayesian,,sample,,posterior,
STATE_487,STATE_487,bayesian,,sample,,posterior,
STATE_488,STATE_488,bayesian,,sample,,posterior,
STATE_489,STATE_489,bayesian,,sample,,posterior,
STATE_490,STATE_490,bayesian,,sample,,posterior,
STATE_491,STATE_491,bayesian,,sample,,posterior,
STATE_492,STATE_492,bayesian,,sample,,posterior,
STATE_493,STATE_493,bayesian,,sample,,posterior,
STATE_494,STATE_494,bayesian,,sample,,posterior,
STATE_495,STATE_495,bayesian,,sample,,posterior,
STATE_496,STATE_496,bayesian,,sample,,posterior,
STATE_497,STATE_497,bayesian,,sample,,posterior,
STATE_498,STATE_498,bayesian,,sample,,posterior,
STATE_499,STATE_499,bayesian,,sample,,posterior,
STATE_500,STATE_500,bayesian,,sample,,posterior,
STATE_501,STATE_501,bayesian,,sample,,posterior,
STATE_502,STATE_502,bayesian,,sample,,posterior,
STATE_503,STATE_503,bayesian,,sample,,posterior,
STATE_504,STATE_504,bayesian,,sample,,posterior,
STATE_505,STATE_505,bayesian,,sample,,posterior,
STATE_506,STATE_506,bayesian,,sample,,posterior,
STATE_507,STATE_507,bayesian,,sample,,posterior,
STATE_508,STATE_508,bayesian,,sample,,posterior,
STATE_509,STATE_509,bayesian,,sample,,posterior,
STATE_510,STATE_510,bayesian,,sample,,posterior,
STATE_511,STATE_511,bayesian,,sample,,posterior,
STATE_512,STATE_512,bayesian,,sample,,posterior,
STATE_513,STATE_513,bayesian,,sample,,posterior,
STATE_514,STATE_514,bayesian,,sample,,posterior,
STATE_515,STATE_515,bayesian,,sample,,posterior,
STATE_516,STATE_516,bayesian,,sample,,posterior,
STATE_517,STATE_517,bayesian,,sample,,posterior,
STATE_518,STATE_518,bayesian,,sample,,posterior,
STATE_519,STATE_519,bayesian,,sample,,posterior,
STATE_520,STATE_520,bayesian,,sample,,posterior,
STATE_521,STATE_521,bayesian,,sample,,posterior,
STATE_522,STATE_522,bayesian,,sample,,posterior,
STATE_523,STATE_523,bayesian,,sample,,posterior,
STATE_524,STATE_524,bayesian,,sample,,posterior,
STATE_525,STATE_525,bayesian,,sample,,posterior,
STATE_526,STATE_526,bayesian,,sample,,posterior,
STATE_527,STATE_527,bayesian,,sample,,posterior,
STATE_528,STATE_528,bayesian,,sample,,posterior,
STATE_529,STATE_529,bayesian,,sample,,posterior,
STATE_530,STATE_530,bayesian,,sample,,posterior,
STATE_531,STATE_531,bayesian,,sample,,posterior,
STATE_532,STATE_532,bayesian,,sample,,posterior,
STATE_533,STATE_533,bayesian,,sample,,posterior,
STATE_534,STATE_534,bayesian,,sample,,posterior,
STATE_535,STATE_535,bayesian,,sample,,posterior,
STATE_536,STATE_536,bayesian,,sample,,posterior,
STATE_537,STATE_537,bayesian,,sample,,posterior,
STATE_538,STATE_538,bayesian,,sample,,posterior,
STATE_539,STATE_539,bayesian,,sample,,posterior,
STATE_540,STATE_540,bayesian,,sample,,posterior,
STATE_541,STATE_541,bayesian,,sample,,posterior,
STATE_542,STATE_542,bayesian,,sample,,posterior,
STATE_543,STATE_543,bayesian,,sample,,posterior,
STATE_544,STATE_544,bayesian,,sample,,posterior,
STATE_545,STATE_545,bayesian,,sample,,posterior,
STATE_546,STATE_546,bayesian,,sample,,posterior,
STATE_547,STATE_547,bayesian,,sample,,posterior,
STATE_548,STATE_548,bayesian,,sample,,posterior,
STATE_549,STATE_549,bayesian,,sample,,posterior,
STATE_550,STATE_550,bayesian,,sample,,posterior,
STATE_551,STATE_551,bayesian,,sample,,posterior,
STATE_552,STATE_552,bayesian,,sample,,posterior,
STATE_553,STATE_553,bayesian,,sample,,posterior,
STATE_554,STATE_554,bayesian,,sample,,posterior,
STATE_555,STATE_555,bayesian,,sample,,posterior,
STATE_556,STATE_556,bayesian,,sample,,posterior,
STATE_557,STATE_557,bayesian,,sample,,posterior,
STATE_558,STATE_558,bayesian,,sample,,posterior,
STATE_559,STATE_559,bayesian,,sample,,posterior,
STATE_560,STATE_560,bayesian,,sample,,posterior,
STATE_561,STATE_561,bayesian,,sample,,posterior,
STATE_562,STATE_562,bayesian,,sample,,posterior,
STATE_563,STATE_563,bayesian,,sample,,posterior,
STATE_564,STATE_564,bayesian,,sample,,posterior,
STATE_565,STATE_565,bayesian,,sample,,posterior,
STATE_566,STATE_566,bayesian,,sample,,posterior,
STATE_567,STATE_567,bayesian,,sample,,posterior,
STATE_568,STATE_568,bayesian,,sample,,posterior,
STATE_569,STATE_569,bayesian,,sample,,posterior,
STATE_570,STATE_570,bayesian,,sample,,posterior,
STATE_571,STATE_571,bayesian,,sample,,posterior,
STATE_572,STATE_572,bayesian,,sample,,posterior,
STATE_573,STATE_573,bayesian,,sample,,posterior,
STATE_574,STATE_574,bayesian,,sample,,posterior,
STATE_575,STATE_575,bayesian,,sample,,posterior,
STATE_576,STATE_576,bayesian,,sample,,posterior,
STATE_577,STATE_577,bayesian,,sample,,posterior,
STATE_578,STATE_578,bayesian,,sample,,posterior,
STATE_579,STATE_579,bayesian,,sample,,posterior,
STATE_580,STATE_580,bayesian,,sample,,posterior,
STATE_581,STATE_581,bayesian,,sample,,posterior,
STATE_582,STATE_582,bayesian,,sample,,posterior,
STATE_583,STATE_583,bayesian,,sample,,posterior,
STATE_584,STATE_584,bayesian,,sample,,posterior,
STATE_585,STATE_585,bayesian,,sample,,posterior,
STATE_586,STATE_586,bayesian,,sample,,posterior,
STATE_587,STATE_587,bayesian,,sample,,posterior,
STATE_588,STATE_588,bayesian,,sample,,posterior,
STATE_589,STATE_589,bayesian,,sample,,posterior,
STATE_590,STATE_590,bayesian,,sample,,posterior,
STATE_591,STATE_591,bayesian,,sample,,posterior,
STATE_592,STATE_592,bayesian,,sample,,posterior,
STATE_593,STATE_593,bayesian,,sample,,posterior,
STATE_594,STATE_594,bayesian,,sample,,posterior,
STATE_595,STATE_595,bayesian,,sample,,posterior,
STATE_596,STATE_596,bayesian,,sample,,posterior,
STATE_597,STATE_597,bayesian,,sample,,posterior,
STATE_598,STATE_598,bayesian,,sample,,posterior,
STATE_599,STATE_599,bayesian,,sample,,posterior,
STATE_600,STATE_600,bayesian,,sample,,posterior,
STATE_601,STATE_601,bayesian,,sample,,posterior,
STATE_602,STATE_602,bayesian,,sample,,posterior,
STATE_603,STATE_603,bayesian,,sample,,posterior,
STATE_604,STATE_604,bayesian,,sample,,posterior,
STATE_605,STATE_605,bayesian,,sample,,posterior,
STATE_606,STATE_606,bayesian,,sample,,posterior,
STATE_607,STATE_607,bayesian,,sample,,posterior,
STATE_608,STATE_608,bayesian,,sample,,posterior,
STATE_609,STATE_609,bayesian,,sample,,posterior,
STATE_610,STATE_610,bayesian,,sample,,posterior,
STATE_611,STATE_611,bayesian,,sample,,posterior,
STATE_612,STATE_612,bayesian,,sample,,posterior,
STATE_613,STATE_613,bayesian,,sample,,posterior,
STATE_614,STATE_614,bayesian,,sample,,posterior,
STATE_615,STATE_615,bayesian,,sample,,posterior,
STATE_616,STATE_616,bayesian,,sample,,posterior,
STATE_617,STATE_617,bayesian,,sample,,posterior,
STATE_618,STATE_618,bayesian,,sample,,posterior,
STATE_619,STATE_619,bayesian,,sample,,posterior,
STATE_620,STATE_620,bayesian,,sample,,posterior,
STATE_621,STATE_621,bayesian,,sample,,posterior,
STATE_622,STATE_622,bayesian,,sample,,posterior,
STATE_623,STATE_623,bayesian,,sample,,posterior,
STATE_624,STATE_624,bayesian,,sample,,posterior,
STATE_625,STATE_625,bayesian,,sample,,posterior,
STATE_626,STATE_626,bayesian,,sample,,posterior,
STATE_627,STATE_627,bayesian,,sample,,posterior,
STATE_628,STATE_628,bayesian,,sample,,posterior,
STATE_629,STATE_629,bayesian,,sample,,posterior,
STATE_630,STATE_630,bayesian,,sample,,posterior,
STATE_631,STATE_631,bayesian,,sample,,posterior,
STATE_632,STATE_632,bayesian,,sample,,posterior,
STATE_633,STATE_633,bayesian,,sample,,posterior,
STATE_634,STATE_634,bayesian,,sample,,posterior,
STATE_635,STATE_635,bayesian,,sample,,posterior,
STATE_636,STATE_636,bayesian,,sample,,posterior,
STATE_637,STATE_637,bayesian,,sample,,posterior,
STATE_638,STATE_638,bayesian,,sample,,posterior,
STATE_639,STATE_639,bayesian,,sample,,posterior,
STATE_640,STATE_640,bayesian,,sample,,posterior,
STATE_641,STATE_641,bayesian,,sample,,posterior,
STATE_642,STATE_642,bayesian,,sample,,posterior,
STATE_643,STATE_643,bayesian,,sample,,posterior,
STATE_644,STATE_644,bayesian,,sample,,posterior,
STATE_645,STATE_645,bayesian,,sample,,posterior,
STATE_646,STATE_646,bayesian,,sample,,posterior,
STATE_647,STATE_647,bayesian,,sample,,posterior,
STATE_648,STATE_648,bayesian,,sample,,posterior,
STATE_649,STATE_649,bayesian,,sample,,posterior,
STATE_650,STATE_650,bayesian,,sample,,posterior,
STATE_651,STATE_651,bayesian,,sample,,posterior,
STATE_652,STATE_652,bayesian,,sample,,posterior,
STATE_653,STATE_653,bayesian,,sample,,posterior,
STATE_654,STATE_654,bayesian,,sample,,posterior,
STATE_655,STATE_655,bayesian,,sample,,posterior,
STATE_656,STATE_656,bayesian,,sample,,posterior,
STATE_657,STATE_657,bayesian,,sample,,posterior,
STATE_658,STATE_658,bayesian,,sample,,posterior,
STATE_659,STATE_659,bayesian,,sample,,posterior,
STATE_660,STATE_660,bayesian,,sample,,posterior,
STATE_661,STATE_661,bayesian,,sample,,posterior,
STATE_662,STATE_662,bayesian,,sample,,posterior,
STATE_663,STATE_663,bayesian,,sample,,posterior,
STATE_664,STATE_664,bayesian,,sample,,posterior,
STATE_665,STATE_665,bayesian,,sample,,posterior,
STATE_666,STATE_666,bayesian,,sample,,posterior,
STATE_667,STATE_667,bayesian,,sample,,posterior,
STATE_668,STATE_668,bayesian,,sample,,posterior,
STATE_669,STATE_669,bayesian,,sample,,posterior,
STATE_670,STATE_670,bayesian,,sample,,posterior,
STATE_671,STATE_671,bayesian,,sample,,posterior,
STATE_672,STATE_672,bayesian,,sample,,posterior,
STATE_673,STATE_673,bayesian,,sample,,posterior,
STATE_674,STATE_674,bayesian,,sample,,posterior,
STATE_675,STATE_675,bayesian,,sample,,posterior,
STATE_676,STATE_676,bayesian,,sample,,posterior,
STATE_677,STATE_677,bayesian,,sample,,posterior,
STATE_678,STATE_678,bayesian,,sample,,posterior,
STATE_679,STATE_679,bayesian,,sample,,posterior,
STATE_680,STATE_680,bayesian,,sample,,posterior,
STATE_681,STATE_681,bayesian,,sample,,posterior,
STATE_682,STATE_682,bayesian,,sample,,posterior,
STATE_683,STATE_683,bayesian,,sample,,posterior,
STATE_684,STATE_684,bayesian,,sample,,posterior,
STATE_685,STATE_685,bayesian,,sample,,posterior,
STATE_686,STATE_686,bayesian,,sample,,posterior,
STATE_687,STATE_687,bayesian,,sample,,posterior,
STATE_688,STATE_688,bayesian,,sample,,posterior,
STATE_689,STATE_689,bayesian,,sample,,posterior,
STATE_690,STATE_690,bayesian,,sample,,posterior,
STATE_691,STATE_691,bayesian,,sample,,posterior,
STATE_692,STATE_692,bayesian,,sample,,posterior,
STATE_693,STATE_693,bayesian,,sample,,posterior,
STATE_694,STATE_694,bayesian,,sample,,posterior,
STATE_695,STATE_695,bayesian,,sample,,posterior,
STATE_696,STATE_696,bayesian,,sample,,posterior,
STATE_697,STATE_697,bayesian,,sample,,posterior,
STATE_698,STATE_698,bayesian,,sample,,posterior,
STATE_699,STATE_699,bayesian,,sample,,posterior,
STATE_700,STATE_700,bayesian,,sample,,posterior,
STATE_701,STATE_701,bayesian,,sample,,posterior,
STATE_702,STATE_702,bayesian,,sample,,posterior,
STATE_703,STATE_703,bayesian,,sample,,posterior,
STATE_704,STATE_704,bayesian,,sample,,posterior,
STATE_705,STATE_705,bayesian,,sample,,posterior,
STATE_706,STATE_706,bayesian,,sample,,posterior,
STATE_707,STATE_707,bayesian,,sample,,posterior,
STATE_708,STATE_708,bayesian,,sample,,posterior,
STATE_709,STATE_709,bayesian,,sample,,posterior,
STATE_710,STATE_710,bayesian,,sample,,posterior,
STATE_711,STATE_711,bayesian,,sample,,posterior,
STATE_712,STATE_712,bayesian,,sample,,posterior,
STATE_713,STATE_713,bayesian,,sample,,posterior,
STATE_714,STATE_714,bayesian,,sample,,posterior,
STATE_715,STATE_715,bayesian,,sample,,posterior,
STATE_716,STATE_716,bayesian,,sample,,posterior,
STATE_717,STATE_717,bayesian,,sample,,posterior,
STATE_718,STATE_718,bayesian,,sample,,posterior,
STATE_719,STATE_719,bayesian,,sample,,posterior,
STATE_720,STATE_720,bayesian,,sample,,posterior,
STATE_721,STATE_721,bayesian,,sample,,posterior,
STATE_722,STATE_722,bayesian,,sample,,posterior,
STATE_723,STATE_723,bayesian,,sample,,posterior,
STATE_724,STATE_724,bayesian,,sample,,posterior,
STATE_725,STATE_725,bayesian,,sample,,posterior,
STATE_726,STATE_726,bayesian,,sample,,posterior,
STATE_727,STATE_727,bayesian,,sample,,posterior,
STATE_728,STATE_728,bayesian,,sample,,posterior,
STATE_729,STATE_729,bayesian,,sample,,posterior,
STATE_730,STATE_730,bayesian,,sample,,posterior,
STATE_731,STATE_731,bayesian,,sample,,posterior,
STATE_732,STATE_732,bayesian,,sample,,posterior,
STATE_733,STATE_733,bayesian,,sample,,posterior,
STATE_734,STATE_734,bayesian,,sample,,posterior,
STATE_735,STATE_735,bayesian,,sample,,posterior,
STATE_736,STATE_736,bayesian,,sample,,posterior,
STATE_737,STATE_737,bayesian,,sample,,posterior,
STATE_738,STATE_738,bayesian,,sample,,posterior,
STATE_739,STATE_739,bayesian,,sample,,posterior,
STATE_740,STATE_740,bayesian,,sample,,posterior,
STATE_741,STATE_741,bayesian,,sample,,posterior,
STATE_742,STATE_742,bayesian,,sample,,posterior,
STATE_743,STATE_743,bayesian,,sample,,posterior,
STATE_744,STATE_744,bayesian,,sample,,posterior,
STATE_745,STATE_745,bayesian,,sample,,posterior,
STATE_746,STATE_746,bayesian,,sample,,posterior,
STATE_747,STATE_747,bayesian,,sample,,posterior,
STATE_748,STATE_748,bayesian,,sample,,posterior,
STATE_749,STATE_749,bayesian,,sample,,posterior,
STATE_750,STATE_750,bayesian,,sample,,posterior,
STATE_751,STATE_751,bayesian,,sample,,posterior,
STATE_752,STATE_752,bayesian,,sample,,posterior,
STATE_753,STATE_753,bayesian,,sample,,posterior,
STATE_754,STATE_754,bayesian,,sample,,posterior,
STATE_755,STATE_755,bayesian,,sample,,posterior,
STATE_756,STATE_756,bayesian,,sample,,posterior,
STATE_757,STATE_757,bayesian,,sample,,posterior,
STATE_758,STATE_758,bayesian,,sample,,posterior,
STATE_759,STATE_759,bayesian,,sample,,posterior,
STATE_760,STATE_760,bayesian,,sample,,posterior,
STATE_761,STATE_761,bayesian,,sample,,posterior,
STATE_762,STATE_762,bayesian,,sample,,posterior,
STATE_763,STATE_763,bayesian,,sample,,posterior,
STATE_764,STATE_764,bayesian,,sample,,posterior,
STATE_765,STATE_765,bayesian,,sample,,posterior,
STATE_766,STATE_766,bayesian,,sample,,posterior,
STATE_767,STATE_767,bayesian,,sample,,posterior,
STATE_768,STATE_768,bayesian,,sample,,posterior,
STATE_769,STATE_769,bayesian,,sample,,posterior,
STATE_770,STATE_770,bayesian,,sample,,posterior,
STATE_771,STATE_771,bayesian,,sample,,posterior,
STATE_772,STATE_772,bayesian,,sample,,posterior,
STATE_773,STATE_773,bayesian,,sample,,posterior,
STATE_774,STATE_774,bayesian,,sample,,posterior,
STATE_775,STATE_775,bayesian,,sample,,posterior,
STATE_776,STATE_776,bayesian,,sample,,posterior,
STATE_777,STATE_777,bayesian,,sample,,posterior,
STATE_778,STATE_778,bayesian,,sample,,posterior,
STATE_779,STATE_779,bayesian,,sample,,posterior,
STATE_780,STATE_780,bayesian,,sample,,posterior,
STATE_781,STATE_781,bayesian,,sample,,posterior,
STATE_782,STATE_782,bayesian,,sample,,posterior,
STATE_783,STATE_783,bayesian,,sample,,posterior,
STATE_784,STATE_784,bayesian,,sample,,posterior,
STATE_785,STATE_785,bayesian,,sample,,posterior,
STATE_786,STATE_786,bayesian,,sample,,posterior,
STATE_787,STATE_787,bayesian,,sample,,posterior,
STATE_788,STATE_788,bayesian,,sample,,posterior,
STATE_789,STATE_789,bayesian,,sample,,posterior,
STATE_790,STATE_790,bayesian,,sample,,posterior,
STATE_791,STATE_791,bayesian,,sample,,posterior,
STATE_792,STATE_792,bayesian,,sample,,posterior,
STATE_793,STATE_793,bayesian,,sample,,posterior,
STATE_794,STATE_794,bayesian,,sample,,posterior,
STATE_795,STATE_795,bayesian,,sample,,posterior,
STATE_796,STATE_796,bayesian,,sample,,posterior,
STATE_797,STATE_797,bayesian,,sample,,posterior,
STATE_798,STATE_798,bayesian,,sample,,posterior,
STATE_799,STATE_799,bayesian,,sample,,posterior,
STATE_800,STATE_800,bayesian,,sample,,posterior,
STATE_801,STATE_801,bayesian,,sample,,posterior,
STATE_802,STATE_802,bayesian,,sample,,posterior,
STATE_803,STATE_803,bayesian,,sample,,posterior,
STATE_804,STATE_804,bayesian,,sample,,posterior,
STATE_805,STATE_805,bayesian,,sample,,posterior,
STATE_806,STATE_806,bayesian,,sample,,posterior,
STATE_807,STATE_807,bayesian,,sample,,posterior,
STATE_808,STATE_808,bayesian,,sample,,posterior,
STATE_809,STATE_809,bayesian,,sample,,posterior,
STATE_810,STATE_810,bayesian,,sample,,posterior,
STATE_811,STATE_811,bayesian,,sample,,posterior,
STATE_812,STATE_812,bayesian,,sample,,posterior,
STATE_813,STATE_813,bayesian,,sample,,posterior,
STATE_814,STATE_814,bayesian,,sample,,posterior,
STATE_815,STATE_815,bayesian,,sample,,posterior,
STATE_816,STATE_816,bayesian,,sample,,posterior,
STATE_817,STATE_817,bayesian,,sample,,posterior,
STATE_818,STATE_818,bayesian,,sample,,posterior,
STATE_819,STATE_819,bayesian,,sample,,posterior,
STATE_820,STATE_820,bayesian,,sample,,posterior,
STATE_821,STATE_821,bayesian,,sample,,posterior,
STATE_822,STATE_822,bayesian,,sample,,posterior,
STATE_823,STATE_823,bayesian,,sample,,posterior,
STATE_824,STATE_824,bayesian,,sample,,posterior,
STATE_825,STATE_825,bayesian,,sample,,posterior,
STATE_826,STATE_826,bayesian,,sample,,posterior,
STATE_827,STATE_827,bayesian,,sample,,posterior,
STATE_828,STATE_828,bayesian,,sample,,posterior,
STATE_829,STATE_829,bayesian,,sample,,posterior,
STATE_830,STATE_830,bayesian,,sample,,posterior,
STATE_831,STATE_831,bayesian,,sample,,posterior,
STATE_832,STATE_832,bayesian,,sample,,posterior,
STATE_833,STATE_833,bayesian,,sample,,posterior,
STATE_834,STATE_834,bayesian,,sample,,posterior,
STATE_835,STATE_835,bayesian,,sample,,posterior,
STATE_836,STATE_836,bayesian,,sample,,posterior,
STATE_837,STATE_837,bayesian,,sample,,posterior,
STATE_838,STATE_838,bayesian,,sample,,posterior,
STATE_839,STATE_839,bayesian,,sample,,posterior,
STATE_840,STATE_840,bayesian,,sample,,posterior,
STATE_841,STATE_841,bayesian,,sample,,posterior,
STATE_842,STATE_842,bayesian,,sample,,posterior,
STATE_843,STATE_843,bayesian,,sample,,posterior,
STATE_844,STATE_844,bayesian,,sample,,posterior,
STATE_845,STATE_845,bayesian,,sample,,posterior,
STATE_846,STATE_846,bayesian,,sample,,posterior,
STATE_847,STATE_847,bayesian,,sample,,posterior,
STATE_848,STATE_848,bayesian,,sample,,posterior,
STATE_849,STATE_849,bayesian,,sample,,posterior,
STATE_850,STATE_850,bayesian,,sample,,posterior,
STATE_851,STATE_851,bayesian,,sample,,posterior,
STATE_852,STATE_852,bayesian,,sample,,posterior,
STATE_853,STATE_853,bayesian,,sample,,posterior,
STATE_854,STATE_854,bayesian,,sample,,posterior,
STATE_855,STATE_855,bayesian,,sample,,posterior,
STATE_856,STATE_856,bayesian,,sample,,posterior,
STATE_857,STATE_857,bayesian,,sample,,posterior,
STATE_858,STATE_858,bayesian,,sample,,posterior,
STATE_859,STATE_859,bayesian,,sample,,posterior,
STATE_860,STATE_860,bayesian,,sample,,posterior,
STATE_861,STATE_861,bayesian,,sample,,posterior,
STATE_862,STATE_862,bayesian,,sample,,posterior,
STATE_863,STATE_863,bayesian,,sample,,posterior,
STATE_864,STATE_864,bayesian,,sample,,posterior,
STATE_865,STATE_865,bayesian,,sample,,posterior,
STATE_866,STATE_866,bayesian,,sample,,posterior,
STATE_867,STATE_867,bayesian,,sample,,posterior,
STATE_868,STATE_868,bayesian,,sample,,posterior,
STATE_869,STATE_869,bayesian,,sample,,posterior,
STATE_870,STATE_870,bayesian,,sample,,posterior,
STATE_871,STATE_871,bayesian,,sample,,posterior,
STATE_872,STATE_872,bayesian,,sample,,posterior,
STATE_873,STATE_873,bayesian,,sample,,posterior,
STATE_874,STATE_874,bayesian,,sample,,posterior,
STATE_875,STATE_875,bayesian,,sample,,posterior,
STATE_876,STATE_876,bayesian,,sample,,posterior,
STATE_877,STATE_877,bayesian,,sample,,posterior,
STATE_878,STATE_878,bayesian,,sample,,posterior,
STATE_879,STATE_879,bayesian,,sample,,posterior,
STATE_880,STATE_880,bayesian,,sample,,posterior,
STATE_881,STATE_881,bayesian,,sample,,posterior,
STATE_882,STATE_882,bayesian,,sample,,posterior,
STATE_883,STATE_883,bayesian,,sample,,posterior,
STATE_884,STATE_884,bayesian,,sample,,posterior,
STATE_885,STATE_885,bayesian,,sample,,posterior,
STATE_886,STATE_886,bayesian,,sample,,posterior,
STATE_887,STATE_887,bayesian,,sample,,posterior,
STATE_888,STATE_888,bayesian,,sample,,posterior,
STATE_889,STATE_889,bayesian,,sample,,posterior,
STATE_890,STATE_890,bayesian,,sample,,posterior,
STATE_891,STATE_891,bayesian,,sample,,posterior,
STATE_892,STATE_892,bayesian,,sample,,posterior,
STATE_893,STATE_893,bayesian,,sample,,posterior,
STATE_894,STATE_894,bayesian,,sample,,posterior,
STATE_895,STATE_895,bayesian,,sample,,posterior,
STATE_896,STATE_896,bayesian,,sample,,posterior,
STATE_897,STATE_897,bayesian,,sample,,posterior,
STATE_898,STATE_898,bayesian,,sample,,posterior,
STATE_899,STATE_899,bayesian,,sample,,posterior,
STATE_900,STATE_900,bayesian,,sample,,posterior,
STATE_901,STATE_901,bayesian,,sample,,posterior,
STATE_902,STATE_902,bayesian,,sample,,posterior,
STATE_903,STATE_903,bayesian,,sample,,posterior,
STATE_904,STATE_904,bayesian,,sample,,posterior,
STATE_905,STATE_905,bayesian,,sample,,posterior,
STATE_906,STATE_906,bayesian,,sample,,posterior,
STATE_907,STATE_907,bayesian,,sample,,posterior,
STATE_908,STATE_908,bayesian,,sample,,posterior,
STATE_909,STATE_909,bayesian,,sample,,posterior,
STATE_910,STATE_910,bayesian,,sample,,posterior,
STATE_911,STATE_911,bayesian,,sample,,posterior,
STATE_912,STATE_912,bayesian,,sample,,posterior,
STATE_913,STATE_913,bayesian,,sample,,posterior,
STATE_914,STATE_914,bayesian,,sample,,posterior,
STATE_915,STATE_915,bayesian,,sample,,posterior,
STATE_916,STATE_916,bayesian,,sample,,posterior,
STATE_917,STATE_917,bayesian,,sample,,posterior,
STATE_918,STATE_918,bayesian,,sample,,posterior,
STATE_919,STATE_919,bayesian,,sample,,posterior,
STATE_920,STATE_920,bayesian,,sample,,posterior,
STATE_921,STATE_921,bayesian,,sample,,posterior,
STATE_922,STATE_922,bayesian,,sample,,posterior,
STATE_923,STATE_923,bayesian,,sample,,posterior,
STATE_924,STATE_924,bayesian,,sample,,posterior,
STATE_925,STATE_925,bayesian,,sample,,posterior,
STATE_926,STATE_926,bayesian,,sample,,posterior,
STATE_927,STATE_927,bayesian,,sample,,posterior,
STATE_928,STATE_928,bayesian,,sample,,posterior,
STATE_929,STATE_929,bayesian,,sample,,posterior,
STATE_930,STATE_930,bayesian,,sample,,posterior,
STATE_931,STATE_931,bayesian,,sample,,posterior,
STATE_932,STATE_932,bayesian,,sample,,posterior,
STATE_933,STATE_933,bayesian,,sample,,posterior,
STATE_934,STATE_934,bayesian,,sample,,posterior,
STATE_935,STATE_935,bayesian,,sample,,posterior,
STATE_936,STATE_936,bayesian,,sample,,posterior,
STATE_937,STATE_937,bayesian,,sample,,posterior,
STATE_938,STATE_938,bayesian,,sample,,posterior,
STATE_939,STATE_939,bayesian,,sample,,posterior,
STATE_940,STATE_940,bayesian,,sample,,posterior,
STATE_941,STATE_941,bayesian,,sample,,posterior,
STATE_942,STATE_942,bayesian,,sample,,posterior,
STATE_943,STATE_943,bayesian,,sample,,posterior,
STATE_944,STATE_944,bayesian,,sample,,posterior,
STATE_945,STATE_945,bayesian,,sample,,posterior,
STATE_946,STATE_946,bayesian,,sample,,posterior,
STATE_947,STATE_947,bayesian,,sample,,posterior,
STATE_948,STATE_948,bayesian,,sample,,posterior,
STATE_949,STATE_949,bayesian,,sample,,posterior,
STATE_950,STATE_950,bayesian,,sample,,posterior,
STATE_951,STATE_951,bayesian,,sample,,posterior,
STATE_952,STATE_952,bayesian,,sample,,posterior,
STATE_953,STATE_953,bayesian,,sample,,posterior,
STATE_954,STATE_954,bayesian,,sample,,posterior,
STATE_955,STATE_955,bayesian,,sample,,posterior,
STATE_956,STATE_956,bayesian,,sample,,posterior,
STATE_957,STATE_957,bayesian,,sample,,posterior,
STATE_958,STATE_958,bayesian,,sample,,posterior,
STATE_959,STATE_959,bayesian,,sample,,posterior,
STATE_960,STATE_960,bayesian,,sample,,posterior,
STATE_961,STATE_961,bayesian,,sample,,posterior,
STATE_962,STATE_962,bayesian,,sample,,posterior,
STATE_963,STATE_963,bayesian,,sample,,posterior,
STATE_964,STATE_964,bayesian,,sample,,posterior,
STATE_965,STATE_965,bayesian,,sample,,posterior,
STATE_966,STATE_966,bayesian,,sample,,posterior,
STATE_967,STATE_967,bayesian,,sample,,posterior,
STATE_968,STATE_968,bayesian,,sample,,posterior,
STATE_969,STATE_969,bayesian,,sample,,posterior,
STATE_970,STATE_970,bayesian,,sample,,posterior,
STATE_971,STATE_971,bayesian,,sample,,posterior,
STATE_972,STATE_972,bayesian,,sample,,posterior,
STATE_973,STATE_973,bayesian,,sample,,posterior,
STATE_974,STATE_974,bayesian,,sample,,posterior,
STATE_975,STATE_975,bayesian,,sample,,posterior,
STATE_976,STATE_976,bayesian,,sample,,posterior,
STATE_977,STATE_977,bayesian,,sample,,posterior,
STATE_978,STATE_978,bayesian,,sample,,posterior,
STATE_979,STATE_979,bayesian,,sample,,posterior,
STATE_980,STATE_980,bayesian,,sample,,posterior,
